Class Name         , File List
hgroup             , "122.html, 124.html, 200292.html, 200333.html, 200504-1.html, 200528.html, 200610.html, 79.html, 80.html, 800040.html, 81.html, 82.html, 85.html, 86.html, bdlist.html, btn.html, customalert.html, del.html, file.html, g.html, GB-01-003-list.html, GB-01-003.html, GB-01-004.html, GB-01-005.html, GB-01-007.html, GB-01-008.html, GB-01-009.html, GB-01-010.html, GB-01-011.html, GB-01-012.html, GB-01-013.html, GB-01-014.html, GB-01-015.html, GB-01-016.html, GB-01-017.html, GB-01-019.html, GB-01-020.html, GB-01-022.html, GB-01-023.html, GB-01-024.html, GB-01-025.html, GB-01-026.html, GB-01-027.html, GB-01-028.html, GB-01-029.html, GB-01-030.html, GB-01-031.html, GB-01-033.html, GB-01-034.html, GB-01-035.html, GB-01-036.html, GB-01-037.html, GB-01-038.html, GB-01-039.html, GB-01-040.html, GB-01-041.html, GB-01-042.html, GB-01-043.html, GB-01-044.html, GB-01-044_01.html, GB-01-045.html, GB-01-047.html, GB-01-048.html, GB-01-049.html, GB-01-050.html, GB-01-051.html, GB-02-003.html, GB-02-004.html, GB-02-006.html, GB-02-007.html, GB-02-008.html, GB-02-008_03.html, GB-02-008_04.html, GB-02-009.html, GB-02-010.html, GB-02-010_01.html, GB-02-010_02.html, GB-02-010_03.html, GB-02-011.html, GB-02-012.html, GB-02-014.html, GB-02-014_02.html, GB-02-016.html, GB-02-017.html, GB-02-017_02.html, GB-02-017_03.html, GB-02-018.html, GB-02-018_03.html, GB-02-019.html, GB-02-019_02.html, GB-02-019_03.html, GB-02-020.html, GB-02-020_02.html, GB-02-020_03.html, GB-02-022.html, GB-02-023.html, GB-02-025.html, GB-02-026.html, GB-02-027.html, GB-02-028.html, GB-02-029.html, GB-02-030.html, GB-02-031.html, GB-02-032.html, GB-02-033.html, GB-02-037.html, GB-02-038.html, GB-02-039.html, GB-02-041.html, GB-02-042.html, GB-02-043.html, GB-02-043_02.html, GB-02-044.html, GB-02-046.html, GB-02-047.html, GB-02-048.html, GB-02-048_01.html, GB-02-048_02.html, GB-02-048_04.html, GB-02-049.html, GB-02-050_01.html, GB-02-050_02.html, GB-02-050_03.html, GB-02-050_04.html, GB-02-050_05.html, GB-02-052.html, GB-02-054.html, GB-03-003.html, GB-03-004.html, GB-03-005.html, GB-03-006.html, GB-03-007.html, GB-03-008.html, GB-03-008_01.html, GB-03-009.html, GB-03-010.html, GB-03-011.html, GB-03-013.html, GB-03-014.html, GB-03-014_02.html, GB-03-015.html, GB-03-017.html, GB-03-018.html, GB-03-019.html, GB-03-020.html, GB-03-021.html, GB-04-003.html, GB-04-004.html, GB-04-005.html, GB-04-006.html, GB-04-007.html, GB-04-008.html, GB-04-009.html, GB-04-010.html, GB-04-011.html, GB-04-013.html, GB-04-014.html, GB-04-015.html, GB-04-016.html, GB-04-017.html, GB-04-020.html, GB-04-021.html, GB-04-023.html, GB-04-024.html, GB-04-025.html, GB-04-026-1.html, GB-04-026-2.html, GB-04-026-3.html, GB-04-026-4.html, GB-04-026.html, GB-04-027.html, GB-04-029.html, GB-04-030.html, GB-04-032.html, GB-04-033.html, GB-04-033_01.html, GB-04-034.html, GB-04-034_01.html, GB-04-035.html, GB-04-036.html, GB-04-037.html, GB-04-038.html, GB-04-040.html, GB-04-041.html, GB-04-042.html, GB-04-043.html, GB-04-046.html, GB-04-047.html, GB-04-048.html, GB-04-049.html, GB-04-050.html, GB-04-051.html, GB-04-052.html, GB-04-053.html, GB-04-054.html, GB-04-056.html, GB-04-057.html, GB-04-058.html, GB-04-059.html, GB-04-060.html, GB-04-061.html, GB-04-062.html, GB-04-063.html, GB-04-064.html, GB-04-065.html, GB-04-066.html, GB-04-067.html, GB-05-003.html, GB-05-004.html, GB-05-006.html, GB-05-007.html, GB-05-008.html, GB-05-009.html, GB-05-011.html, GB-06-004.html, GB-06-005.html, GB-06-006.html, GB-06-007.html, GB-06-008.html, GB-06-009.html, GB-06-010.html, GB-06-011.html, GB-06-012.html, GB-06-013.html, GB-06-014.html, GB-06-015.html, GB-06-016.html, GB-06-017.html, GB-06-018.html, GB-06-019.html, GB-06-020.html, GB-06-021.html, GB-06-022.html, GB-06-023.html, GB-06-024.html, GB-06-025.html, GB-06-026.html, GB-06-027.html, GB-06-028.html, GB-06-029.html, GB-06-030.html, GB-06-032.html, GB-06-034.html, GB-06-035.html, GB-06-041.html, GB-06-042.html, GB-06-043.html, GB-06-044.html, GB-06-047.html, GB-06-050.html, GB-06-051.html, GB-06-052.html, GB-06-054.html, GB-06-056.html, GB-06-057.html, GB-06-058.html, GB-06-059.html, GB-06-060.html, GB-06-062.html, GB-06-063.html, GB-06-065.html, GB-06-066.html, GB-06-067.html, GB-06-068.html, GB-06-069.html, GB-06-070.html, GB-06-071.html, GB-06-072.html, GB-06-073.html, GB-06-074.html, GB-06-075.html, GB-06-076.html, GB-06-077.html, GB-06-078.html, GB-06-079.html, GB-06-081.html, GB-06-082.html, GB-06-083.html, GB-06-084.html, GB-06-086.html, GB-06-087.html, GB-06-088.html, GB-06-091.html, GB-06-092.html, GB-06-093.html, GB-06-094.html, GB-06-095.html, GB-06-096.html, GB-06-097.html, GB-06-098.html, GB-06-099.html, GB-06-100.html, GB-06-101.html, GB-06-102.html, GB-07-003.html, GB-07-004.html, GB-07-005.html, GB-07-006.html, GB-07-007.html, GB-07-008.html, GB-07-009.html, GB-07-010.html, GB-07-011.html, GB-07-012.html, GB-07-013.html, GB-07-015-V.html, GB-07-015.html, GB-07-016.html, GB-07-017.html, GB-07-018.html, GB-07-019-R.html, GB-07-019.html, GB-07-020.html, GB-07-021.html, GB-07-025.html, GB-07-026.html, GB-07-029.html, GB-07-030.html, GB-07-031.html, GB-07-032.html, GB-07-033.html, GB-07-035.html, GB-07-037.html, GB-08-003.html, GB-08-005.html, GB-08-006.html, GB-08-010.html, GB-08-011.html, GB-08-012-L.html, GB-08-012-R.html, GB-08-012-V.html, GB-08-012.html, GB-08-015.html, GB-08-016.html, GB-08-017.html, GB-08-018.html, GB-08-019.html, GB-08-020.html, GB-08-022.html, GB-08-023.html, GB-08-024.html, GB-08-025.html, GB-08-029.html, GB-08-030.html, GB-08-031.html, GB-08-032.html, GB-08-033.html, GB-08-035.html, GB-08-037.html, GB-08-038-2.html, GB-08-038-3.html, GB-08-038-4.html, GB-08-038-5.html, GB-08-038.html, GB-08-040.html, GB-08-041.html, GB-08-042.html, GB-08-044.html, GB-08-045.html, GB-08-046.html, GB-08-047.html, GB-08-048.html, GB-08-049.html, GB-08-050.html, GB-08-051.html, GB-08-052.html, GB-08-054.html, GB-08-055-1.html, GB-08-055-2.html, GB-08-055-3.html, GB-08-055-6.html, GB-08-055.html, GB-08-056.html, GB-08-057.html, GB-08-058.html, GB-08-059.html, GB-08-060-10.html, GB-08-060-11.html, GB-08-060-12.html, GB-08-060-2.html, GB-08-060-3.html, GB-08-060-4.html, GB-08-060-6.html, GB-08-060-7.html, GB-08-060-8.html, GB-08-060.html, GB-08-061.html, GB-08-062.html, GB-08-063-3.html, GB-08-063-6.html, GB-08-063.html, GB-08-065.html, GB-08-067.html, GB-08-068.html, GB-08-069.html, GB-08-070.html, GB-08-072.html, GB-08-073.html, GB-08-074.html, GB-08-075.html, GB-08-076.html, GB-08-077.html, GB-08-079.html, GB-08-082.html, GB-08-083.html, GB-08-087.html, GB-08-088.html, GB-08-089.html, GB-08-090.html, GB-08-092.html, GB-08-093.html, GB-08-094.html, GB-08-095.html, GB-08-096.html, GB-08-097.html, GB-08-098.html, GB-08-099.html, GB-08-100.html, GB-08-101.html, GB-08-102.html, GB-08-103.html, GB-08-104.html, GB-08-105.html, GB-08-106.html, GB-08-107.html, GB-08-108.html, GB-08-109.html, GB-08-110.html, GB-08-111.html, GB-08-112.html, GB-08-114.html, GB-08-116.html, GB-08-118.html, GB-08-119.html, GB-08-120.html, GB-08-121-1.html, GB-08-121-2.html, GB-08-121-3.html, GB-08-122.html, GB-09-004.html, GB-09-008.html, GB-09-009.html, GB-09-011.html, GB-09-012.html, GB-09-013.html, GB-09-014.html, GB-09-015.html, GB-09-017.html, GB-09-018.html, GB-09-019.html, GB-09-020.html, GB-09-021.html, GB-09-022.html, GB-09-025.html, GB-09-026.html, GB-09-027.html, GB-09-028.html, GB-09-029.html, GB-09-031.html, GB-09-032.html, GB-09-033.html, GB-09-034.html, GB-09-035.html, GB-09-036.html, GB-09-037.html, GB-09-038.html, GB-09-039.html, GB-09-040.html, GB-09-041.html, GB-09-042.html, GB-09-043.html, GB-09-044.html, GB-09-046.html, GB-09-047.html, GB-09-048.html, GB-09-049.html, GB-09-051.html, GB-09-053.html, GB-09-054.html, GB-09-055.html, GB-09-058.html, GB-09-061.html, GB-09-062.html, GB-09-063.html, GB-09-064.html, GB-09-065.html, GB-09-067.html, GB-09-068.html, GB-09-070.html, GB-09-071.html, GB-09-072.html, GB-09-073.html, GB-10-003.html, GB-10-004.html, GB-10-005.html, GB-10-006.html, GB-10-007.html, GB-10-008.html, GB-10-009.html, GB-10-010.html, GB-10-011.html, GB-10-012.html, GB-10-013.html, GB-10-014.html, GB-10-015.html, GB-10-016.html, GB-10-018.html, GB-10-019.html, GB-10-021.html, GB-10-023.html, GB-10-024.html, GB-10-025.html, GB-10-028.html, GB-10-029.html, GB-10-030.html, GB-10-031.html, GB-10-032.html, GB-10-033.html, GB-10-035.html, GB-10-036.html, GB-10-038.html, GB-10-039.html, GB-10-040.html, GB-10-041.html, GB-10-043.html, GB-10-044.html, GB-10-045.html, GB-10-046.html, GB-10-047.html, GB-10-048.html, GB-10-050.html, GB-10-051.html, GB-10-052.html, GB-10-053.html, GB-10-054.html, GB-10-055.html, GB-10-056.html, GB-10-058.html, GB-10-059.html, GB-10-060.html, GB-10-061.html, GB-10-062.html, GB-10-063.html, GB-10-064.html, GB-10-065.html, GB-10-067.html, GB-10-068.html, GB-10-069.html, GB-10-070.html, GB-10-071.html, GB-10-072.html, GB-10-073.html, GB-10-074.html, GB-11-004.html, GB-11-005.html, GB-11-006.html, GB-11-008.html, GB-11-011.html, GB-11-012.html, GB-11-013.html, GB-11-014.html, GB-11-015.html, GB-11-016.html, GB-11-017.html, GB-11-018.html, GB-11-019.html, GB-11-021.html, GB-11-022.html, GB-11-024.html, GB-11-025.html, GB-11-027.html, GB-11-028.html, GB-11-029.html, GB-11-032.html, GB-11-033.html, GB-11-034.html, GB-11-035.html, GB-11-037.html, GB-11-038.html, GB-11-039.html, GB-11-040.html, GB-11-042.html, GB-11-043.html, GB-11-044.html, GB-11-045.html, GB-11-046.html, GB-11-048.html, GB-11-049.html, GB-11-050.html, GB-11-051.html, GB-11-052.html, GB-11-054.html, GB-11-055.html, GB-11-056.html, GB-11-057.html, GB-11-059.html, GB-11-060.html, GB-11-061.html, GB-11-062.html, GB-11-063.html, GB-11-064.html, GB-11-066.html, GB-11-067.html, GB-11-069.html, GB-11-072.html, GB-11-073.html, GB-11-074.html, GB-11-075.html, GB-11-076.html, GB-11-077.html, GB-11-079.html, GB-11-080.html, GB-11-081.html, GB-11-082.html, GB-11-083.html, GB-11-084.html, GB-11-085.html, GB-11-086.html, GB-11-087.html, GB-11-088.html, GB-11-090.html, GB-11-091.html, GB-12-002.html, GB-12-004.html, GB-12-005.html, GB-12-006.html, GB-12-007.html, GB-12-008.html, GB-12-009.html, GB-12-011.html, GB-12-012.html, GB-12-013.html, GB-12-014.html, GB-12-015.html, GB-12-017.html, GB-12-018.html, GB-12-019.html, GB-12-020.html, GB-12-021.html, GB-12-022.html, GB-12-023.html, GB-12-024.html, GB-12-025.html, GB-12-026.html, GB-12-027.html, GB-12-028.html, GB-12-029.html, GB-12-030.html, GB-12-031.html, GB-12-032.html, GB-12-033.html, GB-12-034.html, GB-12-035.html, GB-12-036.html, GB-12-039.html, GB-12-040.html, GB-12-041.html, GB-12-042.html, GB-12-043.html, GB-12-044.html, GB-12-045.html, GB-12-046.html, GB-12-047.html, GB-12-048.html, GB-12-049.html, GB-12-050.html, GB-12-051.html, GB-12-052.html, GB-12-053.html, GB-12-054.html, GB-12-055.html, GB-12-056.html, GB-12-057.html, GB-12-058.html, GB-12-059.html, GB-12-060.html, GB-12-061.html, GB-12-063.html, GB-12-064.html, GB-12-065.html, GB-12-068.html, GB-12-069.html, GB-12-070.html, GB-12-071.html, GB-12-072.html, GB-12-073.html, GB-12-074.html, GB-12-081.html, GB-12-082.html, GB-12-083.html, GB-12-084.html, GB-12-085.html, GB-12-086.html, GB-12-087.html, GB-12-088.html, GB-12-089.html, GB-12-090.html, GB-12-091.html, GB-12-093.html, GB-12-094.html, GB-12-095.html, GB-12-096.html, GB-12-098.html, GB-12-099.html, GB-12-100.html, GB-12-101.html, GB-12-102.html, GB-12-103.html, GB-12-104.html, GB-12-105.html, GB-12-106.html, GB-12-107.html, GB-12-108.html, GB-12-109.html, GB-12-110.html, GB-12-111.html, GB-12-112.html, GB-12-113.html, GB-12-114.html, GB-12-115.html, GB-12-116.html, GB-12-117.html, GB-12-118.html, GB-12-119.html, GB-12-120.html, GB-12-121.html, GB-12-122.html, GB-12-123.html, GB-12-124.html, GB-12-125.html, GB-12-126.html, GB-12-127.html, GB-12-128.html, GB-12-129.html, GB-12-130.html, GB-12-132.html, GB-12-133.html, GB-12-134.html, GB-12-136.html, GB-12-137.html, GB-12-138-V.html, GB-12-138.html, GB-12-139.html, GB-12-140.html, GB-12-141.html, GB-12-143.html, GB-12-144.html, GB-13-004.html, GB-13-005.html, GB-13-006.html, GB-13-007.html, GB-13-008.html, GB-13-010.html, GB-13-011.html, GB-13-012.html, GB-13-013.html, GB-13-016.html, GB-13-017.html, GB-13-018.html, GB-13-019.html, GB-13-020.html, GB-13-021.html, GB-13-022.html, GB-13-023.html, GB-13-025.html, GB-13-026.html, GB-13-028.html, GB-13-029.html, GB-13-030.html, GB-13-031.html, GB-13-032.html, GB-13-034.html, GB-13-035.html, GB-13-036.html, GB-13-038.html, GB-13-039.html, GB-13-040.html, GB-13-041.html, GB-13-043.html, GB-13-045.html, GB-13-046.html, GB-13-047.html, GB-13-049.html, GB-13-050.html, GB-13-051.html, GB-13-052.html, GB-13-053.html, GB-13-054.html, GB-13-055.html, GB-13-056.html, GB-13-057.html, GB-13-058.html, GB-13-059.html, GB-13-060.html, GB-13-061.html, GB-13-062.html, GB-13-063.html, GB-13-064.html, GB-13-065.html, GB-13-066.html, GB-13-067.html, GB-13-068.html, GB-13-069.html, GB-14-002.html, GB-14-004.html, GB-14-005.html, GB-14-006.html, GB-14-007.html, GB-14-008.html, GB-14-009.html, GB-14-010.html, GB-14-011.html, GB-14-012.html, GB-14-013.html, GB-14-014.html, GB-14-015.html, GB-14-016.html, GB-14-017.html, GB-14-018.html, GB-14-019.html, GB-14-020.html, GB-14-021.html, GB-14-023.html, GB-14-024.html, GB-14-025.html, GB-14-026.html, GB-14-027.html, GB-15-002.html, GB-15-003.html, GB-15-004.html, GB-16-003.html, GB-16-004.html, GB-16-005.html, GB-16-006.html, GB-16-007-v.html, GB-16-007.html, GB-16-009.html, GB-16-010.html, GB-16-011.html, GB-16-013.html, GB-16-014.html, GB-16-016.html, GB-16-018.html, GB-16-019.html, GB-16-020.html, GB-16-021.html, GB-16-023.html, GB-16-024.html, GB-16-025.html, GB-16-026.html, GB-16-027.html, GB-16-028.html, GB-16-030.html, GB-16-032.html, GB-16-033.html, GB-16-034.html, GB-16-039-v.html, GB-16-039-w.html, GB-16-039.html, GB-16-042.html, GB-16-044.html, GB-16-045.html, GB-16-046.html, GB-16-047.html, GB-16-048.html, GB-16-049.html, GB-16-050.html, GB-16-051.html, GB-16-052.html, GB-16-054.html, GB-16-055.html, GB-16-056.html, GB-16-057.html, GB-16-059.html, GB-16-060.html, GB-16-062.html, GB-16-063.html, GB-16-065.html, GB-16-066.html, GB-16-067.html, GB-16-068.html, GB-16-069.html, GB-16-070.html, GB-16-072.html, GB-16-073.html, GB-16-075.html, GB-16-076.html, GB-16-077.html, GB-16-079.html, GB-16-080.html, GB-17-003.html, GB-17-004.html, GB-17-006.html, GB-17-007.html, GB-17-008.html, GB-17-010.html, GB-17-016.html, GB-17-017.html, GB-18-002.html, GB-18-004.html, GB-18-005.html, GB-18-006.html, GB-18-007.html, GB-18-009.html, GB-18-010.html, GB-18-011.html, GB-18-012.html, GB-18-013.html, GB-18-014.html, GB-18-015.html, GB-18-016.html, GB-18-017.html, GB-18-018.html, GB-18-020.html, GB-18-021.html, GB-18-022.html, GB-18-024.html, GB-18-025.html, GB-18-026.html, GB-18-027.html, GB-18-028.html, GB-18-029.html, GB-19-002.html, GB-19-003_01.html, GB-19-003_02.html, GB-19-003_03.html, GB-19-003_04.html, GB-19-003_05.html, GB-19-004_01.html, GB-19-004_02.html, GB-19-005_01.html, GB-19-005_02.html, GB-19-006_01.html, GB-19-007_01.html, GB-20-002.html, GB-20-004.html, GB-20-004_01.html, GB-20-006.html, GB-20-006_01.html, GB-20-006_02.html, GB-20-007.html, GB-20-011_01.html, GB-20-011_02.html, GB-20-011_03.html, GB-20-011_04.html, GB-20-012_01.html, GB-20-012_02.html, GB-20-012_03.html, GBR-02-002.html, GBR-02-003_01.html, GBR-02-007_01.html, GBR-02-007_02.html, GBR-02-009.html, GBR-03-003_01.html, GBR-03-003_02.html, GBR-03-003_03.html, GBR-04-002_01.html, GBR-04-002_02.html, GBR-04-002_03.html, GBR-05-002.html, GBR-05-003_01.html, GBR-05-003_02.html, GBR-05-003_03.html, GBR-07-004_01.html, GBR-07-004_02.html, GBR-07-009.html, GBR-07-011_02.html, GBR-07-016_01.html, GBR-07-017_02.html, GBR-07-020_02.html, gslist.html, infobox.html, l.html, photo.html, photo2.html, photo3.html, sublayout-edit.html, table.html, test.html, youtubelist.html, _board.html, _board1.html, _board10.html, _board1_view.html, _board1_view2.html, _board1_view3.html, _board1_view4.html, _board1_view5.html, _board1_view6.html, _board1_view7.html, _board2.html, _board3.html, _board3_view1.html, _board4.html, _board5.html, _board6.html, _board7.html, _board8.html, _board8_view1.html, _g_contents.html, 상자텃밭 신청현황.html, 파기서비스.html"
link               , "GB-02-006.html, GB-02-026.html, GB-02-041.html, GB-06-042.html, GB-08-109.html, GB-10-036.html, GB-10-069.html, GB-11-004.html, GB-11-015.html, GB-12-023.html, GB-12-136.html, GB-16-077.html, sub-test.html"
tac-iframe         , 
captchaSet         , 
ctrl-prevnext      , 
sub-visual         , 
lastest            , 
jumpoicon          , 
ico                , "g.html, GB-01-022.html, GB-01-023.html, GB-01-024.html, GB-01-025.html, GB-01-026.html, GB-01-028.html, GB-01-040.html, GB-01-044.html, GB-01-045.html, GB-01-047.html, GB-01-049.html, GB-02-003.html, GB-02-006.html, GB-02-007.html, GB-02-008.html, GB-02-017.html, GB-02-018.html, GB-02-020.html, GB-02-037.html, GB-02-038.html, GB-02-041.html, GB-02-042.html, GB-02-044.html, GB-02-046.html, GB-02-048.html, GB-02-048_04.html, GB-02-049.html, GB-03-008.html, GB-03-008_01.html, GB-03-011.html, GB-03-017.html, GB-03-021.html, GB-04-008.html, GB-04-011.html, GB-04-013.html, GB-04-014.html, GB-04-017.html, GB-04-020.html, GB-04-021.html, GB-04-023.html, GB-04-024.html, GB-04-025.html, GB-04-026.html, GB-05-009.html, GB-06-004.html, GB-06-005.html, GB-06-006.html, GB-06-007.html, GB-06-008.html, GB-06-009.html, GB-06-010.html, GB-07-015.html, GB-07-019.html, GB-08-011.html, GB-08-023.html, GB-08-079.html, GB-08-087.html, GB-08-090.html, GB-08-108.html, GB-08-111.html, GB-08-112.html, GB-08-114.html, GB-08-116.html, GB-08-120.html, GB-10-030.html, GB-11-037.html, GB-11-048.html, GB-12-013.html, GB-12-045.html, GB-12-056.html, GB-12-058.html, GB-12-059.html, GB-12-063.html, GB-12-064.html, GB-12-068.html, GB-12-070.html, GB-12-071.html, GB-12-072.html, GB-12-084.html, GB-12-085.html, GB-12-087.html, GB-12-088.html, GB-12-089.html, GB-12-114.html, GB-12-115.html, GB-12-116.html, GB-12-132.html, GB-12-137.html, GB-12-138.html, GB-12-139.html, GB-13-054.html, GB-13-055.html, GB-13-056.html, GB-13-059.html, GB-13-065.html, GB-13-068.html, GB-13-069.html, GB-16-007.html, GB-16-010.html, GB-16-011.html, GB-16-024.html, GB-16-025.html, GB-16-028.html, GB-16-039.html, GB-16-077.html, GB-17-008.html, GB-18-029.html, GBR-04-002_01.html, GBR-05-003_01.html, GBR-07-004_01.html, GBR-07-016_01.html, infobox.html, sub-test.html, _g_contents.html"
link-ul            , 
jumpoicon-list     , 
round-box          , 
organization-box   , 
agenda-group       , 
inner-box          , 
chart-table        , 
btn-list           , 
graph              , 
timeline           , 
on-off             , 
history-mayor      , 
root_daum_roughmap , "GB-02-037.html, GB-02-038.html, GB-04-040.html, GB-04-041.html, GB-06-012.html, GB-06-013.html, GB-06-014.html, GB-06-015.html, GB-06-016.html, GB-06-017.html, GB-06-018.html, GB-06-019.html, GB-06-020.html, GB-06-021.html, GB-06-022.html, GB-06-023.html, GB-06-024.html, GB-06-025.html, GB-06-026.html, GB-06-027.html, GB-06-028.html, GB-06-029.html, GB-06-030.html, GB-06-043.html, GB-06-044.html, GB-06-062.html, GB-06-063.html, GB-06-091.html, GB-06-092.html, GB-06-093.html, GB-06-094.html, GB-06-097.html, GB-06-098.html, GB-06-099.html, GB-06-100.html, GB-06-101.html, GB-06-102.html"
row-w100-img       , 
img                , "GB-06-082.html, GB-06-083.html, GB-13-010.html"
row-w100           , 
row                , 
f_top_link         , 
map-infos          , 
map-info           , 
dashed-box         , 
s200565            , 
step-list          , 
lav                , 
flex-row-wrap      , 
circle-plus        , 
three-list         , 
three-list-flex    , 
dashed-box-list    , 
reservation-result , 
set--wish          , 
bd-reservation-list, 
program-1          , 
box-agg            , 
program-info       , 
reg-btn-copy       , 
members            , 
bade-dong          , 
status2            , 
tab-cate           , 
newsletter         , 
waste-flex--box    , 
large-waste        , 
refund-amount      , 
input-width        , 
info-windows       , 
box-bg             , 
ul-box             , 
bln                , 
market             , 
top26              , 
ma                 , 
sms-wrap           , 
map_jump_area      , 
ys-newsletter      , 
fwb                , 
ebookinfo          , GB-04-013.html
ebook-list         , GB-04-013.html
deptinformain      , "GB-04-032.html, GB-04-033.html, GB-04-033_01.html, GB-04-034.html, GB-04-034_01.html, GB-04-035.html"
keywordinfo        , GB-20-004.html
strongMt           , 
mqpqpi             , map.html
md:w150            , GB-08-035.html
link-box-set       , "g.html, GB-07-037.html"
link-box           , "g.html, GB-07-037.html"
box_cont           , "GB-10-016.html, GB-10-023.html, GB-11-052.html, GB-12-004.html, GB-12-009.html, GB-13-050.html"
box_tit            , "GB-01-039.html, GB-06-043.html, GB-06-044.html, GB-07-031.html, GB-08-031.html, GB-08-032.html, GB-08-033.html, GB-08-082.html, GB-08-083.html, GB-09-009.html, GB-09-019.html, GB-09-025.html, GB-09-026.html, GB-10-009.html, GB-10-010.html, GB-10-011.html, GB-10-018.html, GB-10-035.html, GB-10-062.html, GB-10-073.html, GB-10-074.html, GB-11-042.html, GB-11-055.html, GB-11-060.html, GB-11-064.html, GB-11-072.html, GB-11-085.html, GB-12-107.html, GB-12-108.html, GB-12-109.html, GB-12-120.html, GB-13-064.html, GB-13-069.html, GB-14-013.html, GB-14-016.html, GB-14-020.html, GB-18-002.html, GB-18-004.html, GB-18-005.html, GB-18-006.html, GB-18-007.html, GB-18-015.html, GB-18-022.html"
info-box3          , GB-13-045.html
step-num           , 800040.html
qrcode-box         , GB-11-013.html
md:columns-3       , GB-08-073.html
tourism_tit        , "GB-06-012.html, GB-06-013.html, GB-06-014.html, GB-06-015.html, GB-06-016.html, GB-06-017.html, GB-06-018.html, GB-06-019.html, GB-06-020.html, GB-06-021.html, GB-06-022.html, GB-06-023.html, GB-06-024.html, GB-06-025.html, GB-06-026.html, GB-06-027.html, GB-06-028.html, GB-06-029.html, GB-06-030.html"
hp-fax             , GB-12-143.html
c-GB-12-136        , GB-12-136.html
col3               , GB-12-082.html
txt2               , GB-12-082.html
GB-12-082          , GB-12-082.html
ico-arr            , GB-12-082.html
GB-06-032          , GB-06-032.html
cts_top_temp_tit   , "GB-06-091.html, GB-06-092.html, GB-06-093.html, GB-06-094.html"
bot_cts            , "GB-06-091.html, GB-06-092.html, GB-06-093.html, GB-06-094.html"
cts10_wrap         , GB-12-072.html
imgbox             , "GB-13-022.html, GB-13-023.html"
ovx-img            , "GB-06-004.html, GB-06-005.html, GB-06-006.html, GB-06-007.html, GB-06-008.html, GB-06-009.html, GB-06-010.html, GB-13-035.html"
GB-06-054          , GB-06-054.html
GB-12-068          , GB-12-068.html
a4-certificate     , rsvt-수료증.html
a4-receipt         , "126.html, 접수증.html"
div-both           , GB-16-073.html
